threshold,total_examples,answered_count,silence_count,answer_rate,silence_rate,accepted_correct_count,accepted_wrong_count,accepted_precision,accepted_error_rate,false_silence_count,false_silence_rate
0.35,100,68,32,0.68,0.32,64,4,0.9411764705882353,0.058823529411764705,30,0.3
0.39,100,73,27,0.73,0.27,69,4,0.9452054794520548,0.0547945205479452,25,0.25
0.42,100,81,19,0.81,0.19,76,5,0.9382716049382716,0.06172839506172839,18,0.18
0.43,100,81,19,0.81,0.19,76,5,0.9382716049382716,0.06172839506172839,18,0.18
